{"accuracy": [0.5899999737739563, 0.621999979019165, 0.6460000276565552, 0.6520000100135803, 0.6520000100135803, 0.6579999923706055, 0.6499999761581421, 0.656000018119812, 0.656000018119812, 0.6499999761581421, 0.6539999842643738, 0.656000018119812, 0.656000018119812, 0.656000018119812, 0.656000018119812, 0.6539999842643738, 0.656000018119812, 0.656000018119812, 0.6579999923706055, 0.656000018119812, 0.656000018119812, 0.656000018119812, 0.656000018119812, 0.656000018119812, 0.656000018119812, 0.656000018119812, 0.656000018119812, 0.656000018119812, 0.656000018119812, 0.656000018119812, 0.656000018119812, 0.656000018119812, 0.656000018119812, 0.656000018119812, 0.656000018119812, 0.656000018119812, 0.656000018119812, 0.656000018119812, 0.656000018119812, 0.656000018119812, 0.656000018119812, 0.656000018119812, 0.656000018119812, 0.656000018119812, 0.656000018119812, 0.656000018119812, 0.656000018119812, 0.656000018119812, 0.656000018119812, 0.6620000004768372, 0.656000018119812, 0.6959999799728394, 0.8320000171661377, 0.8460000157356262, 0.8460000157356262, 0.8479999899864197, 0.8500000238418579, 0.8500000238418579, 0.8500000238418579, 0.8479999899864197, 0.8500000238418579, 0.8500000238418579, 0.8500000238418579, 0.8420000076293945], "loss": [1.1439735889434814, 0.961207389831543, 0.8965076208114624, 0.9000676274299622, 0.9000328779220581, 0.8934667706489563, 0.8965238332748413, 0.8890808820724487, 0.8796318173408508, 0.9017724394798279, 0.8750854730606079, 0.8732415437698364, 0.8832992911338806, 0.8841853737831116, 0.8761208653450012, 0.875348687171936, 0.8762819170951843, 0.8799323439598083, 0.8670335412025452, 0.8775249719619751, 0.8862515091896057, 0.8763687014579773, 0.8651784658432007, 0.8780496120452881, 0.8776996731758118, 0.8859601020812988, 0.8721789717674255, 0.8660898208618164, 0.8755558729171753, 0.8762414455413818, 0.8752310276031494, 0.8886094689369202, 0.8749750852584839, 0.869140625, 0.8758648633956909, 0.8827781081199646, 0.8840275406837463, 0.8743930459022522, 0.8651549220085144, 0.8755331039428711, 0.8756967186927795, 0.8656252026557922, 0.8790621161460876, 0.8648025393486023, 0.8650051951408386, 0.8635633587837219, 0.8737217783927917, 0.8776172995567322, 0.8746623992919922, 0.8452836871147156, 0.8855435252189636, 0.7791621685028076, 0.5005731582641602, 0.4199886620044708, 0.42538490891456604, 0.41930967569351196, 0.4033711552619934, 0.3893435299396515, 0.39227092266082764, 0.4084288775920868, 0.393338680267334, 0.3948671221733093, 0.3865963816642761, 0.4023168087005615], "val_accuracy": [0.6800000071525574, 0.6800000071525574, 0.6800000071525574, 0.6800000071525574, 0.6800000071525574, 0.6800000071525574, 0.6800000071525574, 0.6800000071525574, 0.6800000071525574, 0.6800000071525574, 0.6800000071525574, 0.6800000071525574, 0.6800000071525574, 0.6800000071525574, 0.6800000071525574, 0.6800000071525574, 0.6800000071525574, 0.6800000071525574, 0.6800000071525574, 0.6800000071525574, 0.6800000071525574, 0.6800000071525574, 0.6800000071525574, 0.6800000071525574, 0.6800000071525574, 0.6800000071525574, 0.6800000071525574, 0.6800000071525574, 0.6800000071525574, 0.6800000071525574, 0.6800000071525574, 0.6800000071525574, 0.6800000071525574, 0.6800000071525574, 0.6800000071525574, 0.6800000071525574, 0.6800000071525574, 0.6800000071525574, 0.6800000071525574, 0.6800000071525574, 0.6800000071525574, 0.6800000071525574, 0.6800000071525574, 0.6800000071525574, 0.6800000071525574, 0.6800000071525574, 0.6800000071525574, 0.6800000071525574, 0.6800000071525574, 0.6800000071525574, 0.6800000071525574, 0.7599999904632568, 0.8600000143051147, 0.8600000143051147, 0.8600000143051147, 0.8600000143051147, 0.8600000143051147, 0.8600000143051147, 0.8600000143051147, 0.8600000143051147, 0.8600000143051147, 0.8600000143051147, 0.8600000143051147, 0.8600000143051147], "val_loss": [0.8853517770767212, 0.8342584371566772, 0.8027092814445496, 0.798723578453064, 0.7957796454429626, 0.7998511791229248, 0.7993490099906921, 0.7944148778915405, 0.7929216027259827, 0.7971169352531433, 0.7961670160293579, 0.7896148562431335, 0.793416440486908, 0.7937551140785217, 0.7937006950378418, 0.7957990169525146, 0.7914376258850098, 0.7903199791908264, 0.7934532165527344, 0.790943443775177, 0.7928321361541748, 0.7971177697181702, 0.7889049649238586, 0.7885072827339172, 0.7957763671875, 0.7916946411132812, 0.7894560098648071, 0.7937540411949158, 0.7907289266586304, 0.7876095771789551, 0.7899528741836548, 0.7949466109275818, 0.7903156876564026, 0.7891728281974792, 0.7952351570129395, 0.7937142848968506, 0.7899037003517151, 0.792737603187561, 0.7893139123916626, 0.7931241393089294, 0.7884120345115662, 0.7876323461532593, 0.795970618724823, 0.7922395467758179, 0.7876859307289124, 0.7867396473884583, 0.7873226404190063, 0.7889431715011597, 0.792997419834137, 0.7914978861808777, 0.8227802515029907, 0.64212965965271, 0.3878554403781891, 0.37321484088897705, 0.3741675615310669, 0.37308695912361145, 0.37430423498153687, 0.3611108660697937, 0.36948204040527344, 0.3673888146877289, 0.37142929434776306, 0.36996912956237793, 0.36363571882247925, 0.36620140075683594]}