{"accuracy": [0.4580000042915344, 0.9520000219345093, 0.9980000257492065, 1.0, 1.0, 1.0, 1.0, 1.0, 1.0, 1.0], "loss": [1.5609623193740845, 1.1492998600006104, 0.28505271673202515, 0.03943535313010216, 0.012638481333851814, 0.007886726409196854, 0.0060866051353514194, 0.004775972571223974, 0.00382946222089231, 0.0029907445423305035], "val_accuracy": [1.0, 1.0, 1.0, 1.0, 1.0, 1.0, 1.0, 1.0, 1.0, 1.0], "val_loss": [1.4426617622375488, 0.5792681574821472, 0.049637265503406525, 0.010174420662224293, 0.0044953059405088425, 0.0031127845868468285, 0.002331626368686557, 0.0018621266353875399, 0.0015548280207440257, 0.0013545090332627296]}