{"accuracy": [0.656000018119812, 0.699999988079071, 0.9120000004768372, 0.9679999947547913, 0.9739999771118164, 0.9940000176429749, 0.9980000257492065, 0.9980000257492065, 0.9980000257492065, 0.9900000095367432, 0.9980000257492065, 0.9980000257492065, 0.9919999837875366, 0.9800000190734863, 0.9980000257492065, 1.0, 1.0, 1.0, 1.0, 1.0, 1.0, 1.0, 1.0, 1.0, 1.0, 1.0, 1.0, 1.0, 1.0, 1.0, 1.0, 1.0, 1.0, 1.0, 1.0, 1.0, 1.0, 1.0, 1.0, 1.0, 1.0, 1.0, 1.0, 1.0, 1.0, 1.0, 1.0, 1.0, 1.0, 1.0, 1.0, 1.0, 1.0, 1.0, 1.0, 1.0, 1.0, 1.0, 1.0, 1.0, 1.0, 1.0, 1.0, 1.0], "loss": [0.910591185092926, 0.6710234880447388, 0.2787533700466156, 0.11951865255832672, 0.09387300908565521, 0.044897936284542084, 0.023787889629602432, 0.014480161480605602, 0.009454349055886269, 0.06132612004876137, 0.019488217309117317, 0.012108558788895607, 0.028883149847388268, 0.06734009832143784, 0.019788507372140884, 0.0064999754540622234, 0.004324602894484997, 0.002920200116932392, 0.002503888448700309, 0.002132294001057744, 0.002114987699314952, 0.0017486191354691982, 0.0016427242662757635, 0.0014317781897261739, 0.0012814428191632032, 0.0010594328632578254, 0.0010192402405664325, 0.0010960418730974197, 0.0009647008846513927, 0.000876793812494725, 0.0008924927096813917, 0.0008343291701748967, 0.000652035407256335, 0.0006594961741939187, 0.0006931124953553081, 0.0005935754743404686, 0.0006442685844376683, 0.00046039457083679736, 0.0005222050822339952, 0.0004558186628855765, 0.0005403027753345668, 0.0004128252330701798, 0.0004746105696540326, 0.0004631214833352715, 0.00040784981683827937, 0.00045288013643585145, 0.0003686861600726843, 0.0004083982203155756, 0.0003417096158955246, 0.0003968347446061671, 0.0003334362991154194, 0.00028889335226267576, 0.00035669479984790087, 0.0003234460309613496, 0.0002652382245287299, 0.00028999493224546313, 0.00032727394136600196, 0.00024737376952543855, 0.00026921663084067404, 0.0002538218686822802, 0.0002460968680679798, 0.00026883301325142384, 0.0002602975582703948, 0.0002615624980535358], "val_accuracy": [0.6800000071525574, 0.9200000166893005, 1.0, 1.0, 1.0, 1.0, 1.0, 1.0, 1.0, 0.9800000190734863, 1.0, 1.0, 1.0, 1.0, 1.0, 1.0, 1.0, 1.0, 1.0, 1.0, 1.0, 1.0, 1.0, 1.0, 1.0, 1.0, 1.0, 1.0, 1.0, 1.0, 1.0, 1.0, 1.0, 1.0, 1.0, 1.0, 1.0, 1.0, 1.0, 1.0, 1.0, 1.0, 1.0, 1.0, 1.0, 1.0, 1.0, 1.0, 1.0, 1.0, 1.0, 1.0, 1.0, 1.0, 1.0, 1.0, 1.0, 1.0, 1.0, 1.0, 1.0, 1.0, 1.0, 1.0], "val_loss": [0.7420708537101746, 0.37138640880584717, 0.11754944920539856, 0.07589276134967804, 0.02208808809518814, 0.009368103928864002, 0.0071631669998168945, 0.00309765269048512, 0.0023036038037389517, 0.08826387673616409, 0.015793245285749435, 0.003781730541959405, 0.007527635898441076, 0.00926109030842781, 0.004246592056006193, 0.002631522947922349, 0.001776951365172863, 0.0014071527402848005, 0.0011785135138779879, 0.0010154300834983587, 0.0008868789882399142, 0.000780399888753891, 0.0006905171321704984, 0.0006183359655551612, 0.0005572598311118782, 0.0005060855182819068, 0.00045652606058865786, 0.0004164125130046159, 0.00038159117684699595, 0.0003496818244457245, 0.00032367114908993244, 0.0002994386595673859, 0.0002792542800307274, 0.00026284012710675597, 0.0002466771984472871, 0.00023163999139796942, 0.00021826077136211097, 0.00020709476666525006, 0.0001966632844414562, 0.00018713000463321805, 0.00017696440045256168, 0.000169049235410057, 0.00016076683823484927, 0.0001524512772448361, 0.00014612558879889548, 0.00013970211148262024, 0.0001328633661614731, 0.00012698322825599462, 0.00012182028876850381, 0.0001185285800602287, 0.00011428086145315319, 0.0001100235604098998, 0.00010585455311229452, 0.00010171416215598583, 9.82412020675838e-05, 9.48610613704659e-05, 9.165720985038206e-05, 8.873469050740823e-05, 8.629129297332838e-05, 8.368092676391825e-05, 8.140676800394431e-05, 7.90563426562585e-05, 7.681313581997529e-05, 7.436494342982769e-05]}